Date,Company Name,Quater,Price,Open,High,Low,Close,Adj Close,Volume
2024-07-30,Alphabet,Q3,218.8,219.1900024,220.3300018,216.1199951,218.8000031,218.3068542,41643800.0
2024-07-31,Alphabet,Q3,222.0800018,221.4400024,223.8200073,220.6300049,222.0800018,221.5794678,50036300.0
2024-08-01,Alphabet,Q3,218.3600006,224.3699951,224.4799957,217.0200043,218.3600006,217.8678436,62501000.0
2024-08-02,Alphabet,Q3,219.8600006,219.1499939,225.6000061,217.7100067,219.8600006,219.3644714,105568600.0
2024-08-05,Alphabet,Q3,209.2700043,199.0899963,213.5,196.0,209.2700043,208.7983398,119548600.0
2024-08-06,Alphabet,Q3,207.2299957,205.3000031,209.9900055,201.0700073,207.2299957,206.7629395,69660500.0
2024-08-07,Alphabet,Q3,209.8200073,206.8999939,213.6399994,206.3899994,209.8200073,209.3471069,63516400.0
2024-08-08,Alphabet,Q3,213.3099976,213.1100006,214.1999969,208.8300018,213.3099976,212.8292236,47161100.0
2024-08-09,Alphabet,Q3,216.2400055,212.1000061,216.7799988,211.9700012,216.2400055,215.7526398,42201600.0
2024-08-12,Alphabet,Q3,217.5299988,216.0700073,219.5099945,215.6000061,217.5299988,217.2909393,38028100.0
2024-08-13,Alphabet,Q3,221.2700043,219.0099945,221.8899994,219.0099945,221.2700043,221.026825,44155300.0
2024-08-14,Alphabet,Q3,221.7200012,220.5700073,223.0299988,219.6999969,221.7200012,221.4763336,41960600.0
2024-08-15,Alphabet,Q3,224.7200012,224.6000061,225.3500061,222.7599945,224.7200012,224.4730377,46414000.0
2024-08-16,Alphabet,Q3,226.0500031,223.9199982,226.8300018,223.6499939,226.0500031,225.8015747,44340200.0
2024-08-19,Alphabet,Q3,225.8899994,225.7200012,225.9900055,223.0399933,225.8899994,225.6417542,40687800.0
2024-08-20,Alphabet,Q3,226.5099945,225.7700043,227.1699982,225.4499969,226.5099945,226.2610626,30299000.0
2024-08-21,Alphabet,Q3,226.3999939,226.5200043,227.9799957,225.0500031,226.3999939,226.1511841,34765500.0
2024-08-22,Alphabet,Q3,224.5299988,227.7899933,228.3399963,223.8999939,224.5299988,224.2832489,43695300.0
2024-08-23,Alphabet,Q3,226.8399963,225.6600037,228.2200012,224.3300018,226.8399963,226.5906982,38677300.0
2024-08-26,Alphabet,Q3,227.1799927,226.7599945,227.2799988,223.8899994,227.1799927,226.9303284,30602200.0
2024-08-27,Alphabet,Q3,228.0299988,226.0,228.8500061,224.8899994,228.0299988,227.7793884,35934600.0
2024-08-28,Alphabet,Q3,226.4900055,227.9199982,229.8600006,225.6799927,226.4900055,226.2410889,38052200.0
2024-08-29,Alphabet,Q3,229.7899933,230.1000061,232.9199982,228.8800049,229.7899933,229.5374603,51906300.0
2024-08-30,Alphabet,Q3,229.0,230.1900024,230.3999939,227.4799957,229.0,228.7483368,52990800.0
2024-09-03,Alphabet,Q3,222.7700043,228.5500031,229.0,221.1699982,222.7700043,222.525177,50190600.0
2024-09-04,Alphabet,Q3,220.8500061,221.6600037,221.7799988,217.4799957,220.8500061,220.6072998,43840200.0
2024-09-05,Alphabet,Q3,222.3800049,221.6300049,225.4799957,221.5200043,222.3800049,222.1356049,36615400.0
2024-09-06,Alphabet,Q3,220.8200073,223.9499969,225.2400055,219.7700043,220.8200073,220.5773315,48423000.0
2024-09-09,Alphabet,Q3,220.9100037,220.8200073,221.2700043,216.7100067,220.9100037,220.6672211,67180000.0
2024-09-10,Alphabet,Q3,220.1100006,218.9199982,221.4799957,216.7299957,220.1100006,219.868103,51591000.0
2024-09-11,Alphabet,Q3,222.6600037,221.4600067,223.0899963,217.8899994,222.6600037,222.4152985,44587100.0
2024-09-12,Alphabet,Q3,222.7700043,222.5,223.5500031,219.8200073,222.7700043,222.525177,37498200.0
2024-09-13,Alphabet,Q3,222.5,223.5800018,224.0399933,221.9100037,222.5,222.2554779,36766600.0
2024-09-16,Alphabet,Q3,216.3200073,216.5399933,217.2200012,213.9199982,216.3200073,216.0822754,59357400.0
2024-09-17,Alphabet,Q3,216.7899933,215.75,216.8999939,214.5,216.7899933,216.5517426,45519300.0
2024-09-18,Alphabet,Q3,220.6900024,217.5500031,222.7100067,217.5399933,220.6900024,220.447464,59894900.0
2024-09-19,Alphabet,Q3,228.8699951,224.9900055,229.8200073,224.6300049,228.8699951,228.6184692,66781300.0
2024-09-20,Alphabet,Q3,228.1999969,229.9700012,233.0899963,227.6199951,228.1999969,227.9492035,318679900.0
2024-09-23,Alphabet,Q3,226.4700012,227.3399963,229.4499969,225.8099976,226.4700012,226.2211151,54146000.0
2024-09-24,Alphabet,Q3,227.3699951,228.6499939,229.3500061,225.7299957,227.3699951,227.1201172,43556100.0
2024-09-25,Alphabet,Q3,226.3699951,224.9299927,227.2899933,224.0200043,226.3699951,226.1212158,42308700.0
2024-09-26,Alphabet,Q3,227.5200043,227.3000031,228.5,225.4100037,227.5200043,227.2699585,36636700.0
2024-09-27,Alphabet,Q3,227.7899933,228.4600067,229.5200043,227.3000031,227.7899933,227.5396576,34026000.0
2024-09-30,Alphabet,Q3,233.0,230.0399933,233.0,229.6499939,233.0,232.7439423,54541900.0
2024-10-01,Alphabet,Q4,226.2100067,229.5200043,229.6499939,223.7400055,226.2100067,225.9614105,63285000.0
2024-10-02,Alphabet,Q4,226.7799988,225.8899994,227.3699951,223.0200043,226.7799988,226.530777,32880600.0
2024-10-03,Alphabet,Q4,225.6699982,225.1399994,226.8099976,223.3200073,225.6699982,225.4219818,34044200.0
2024-10-04,Alphabet,Q4,226.8000031,227.8999939,228.0,224.1300049,226.8000031,226.5507507,37245100.0
2024-10-07,Alphabet,Q4,221.6900024,224.5,225.6900024,221.3300018,221.6900024,221.4463654,39505400.0
2024-10-08,Alphabet,Q4,225.7700043,224.3000031,225.9799957,223.25,225.7700043,225.5218811,31855700.0
2024-10-09,Alphabet,Q4,229.5399933,225.2299957,229.75,224.8300018,229.5399933,229.287735,33591100.0
2024-10-10,Alphabet,Q4,229.0399933,227.7799988,229.5,227.1699982,229.0399933,228.7882843,28183500.0
2024-10-11,Alphabet,Q4,227.5500031,229.3000031,229.4100037,227.3399963,227.5500031,227.2999268,31759200.0
2024-10-14,Alphabet,Q4,231.3000031,228.6999969,231.7299957,228.6000061,231.3000031,231.0458069,39882100.0
2024-10-15,Alphabet,Q4,233.8500061,233.6100006,237.4900055,232.3699951,233.8500061,233.5930023,64751400.0
2024-10-16,Alphabet,Q4,231.7799988,231.6000061,232.1199951,229.8399963,231.7799988,231.5252686,34082200.0
2024-10-17,Alphabet,Q4,232.1499939,233.4299927,233.8500061,230.5200043,232.1499939,231.8948669,32993800.0
2024-10-18,Alphabet,Q4,235.0,236.1799927,236.1799927,234.0099945,235.0,234.7417297,46431500.0
2024-10-21,Alphabet,Q4,236.4799957,234.4499969,236.8500061,234.4499969,236.4799957,236.220108,36254500.0
2024-10-22,Alphabet,Q4,235.8600006,233.8899994,236.2200012,232.6000061,235.8600006,235.6007996,38846600.0
2024-10-23,Alphabet,Q4,230.7599945,234.0800018,235.1399994,227.7599945,230.7599945,230.5063934,52287000.0
2024-10-24,Alphabet,Q4,230.5700073,229.9799957,230.8200073,228.4100037,230.5700073,230.3166199,31109500.0
2024-10-25,Alphabet,Q4,231.4100037,229.7400055,233.2200012,229.5700073,231.4100037,231.1556854,38802300.0
2024-10-28,Alphabet,Q4,233.3999939,233.3200073,234.7299957,232.5500031,233.3999939,233.1434937,36087100.0
2024-10-29,Alphabet,Q4,233.6699982,233.1000061,234.3300018,232.3200073,233.6699982,233.4131927,35417200.0
2024-10-30,Alphabet,Q4,230.1000061,232.6100006,233.4700012,229.5500031,230.1000061,229.8471222,47070900.0
2024-10-31,Alphabet,Q4,225.9100037,229.3399963,229.8300018,225.3699951,225.9100037,225.6617279,64370100.0
2024-11-01,Alphabet,Q4,222.9100037,220.9700012,225.3500061,220.2700043,222.9100037,222.6650238,65276700.0
2024-11-04,Alphabet,Q4,222.0099945,220.9900055,222.7899933,219.7100067,222.0099945,221.7660065,44944500.0
2024-11-05,Alphabet,Q4,223.4499969,221.8000031,223.9499969,221.1399994,223.4499969,223.204422,28111300.0
2024-11-06,Alphabet,Q4,222.7200012,222.6100006,226.0700073,221.1900024,222.7200012,222.475235,54561100.0
2024-11-07,Alphabet,Q4,227.4799957,224.6300049,227.8800049,224.5700073,227.4799957,227.2299957,42137700.0
2024-11-08,Alphabet,Q4,226.9600067,227.1699982,228.6600037,226.4100037,226.9600067,226.9600067,38328800.0
2024-11-11,Alphabet,Q4,224.2299957,225.0,225.6999969,221.5,224.2299957,224.2299957,42005600.0
2024-11-12,Alphabet,Q4,224.2299957,224.5500031,225.5899963,223.3600006,224.2299957,224.2299957,40398300.0
2024-11-13,Alphabet,Q4,225.1199951,224.0099945,226.6499939,222.7599945,225.1199951,225.1199951,48566200.0
2024-11-14,Alphabet,Q4,228.2200012,225.0200043,228.8699951,225.0,228.2200012,228.2200012,44923900.0
2024-11-15,Alphabet,Q4,225.0,226.3999939,226.9199982,224.2700043,225.0,225.0,47923700.0
2024-11-18,Alphabet,Q4,228.0200043,225.25,229.7400055,225.1699982,228.0200043,228.0200043,44686000.0
2024-11-19,Alphabet,Q4,228.2799988,226.9799957,230.1600037,226.6600037,228.2799988,228.2799988,36211800.0
2024-11-20,Alphabet,Q4,229.0,228.0599976,229.9299927,225.8899994,229.0,229.0,35169600.0
2024-11-21,Alphabet,Q4,228.5200043,228.8800049,230.1600037,225.7100067,228.5200043,228.5200043,42108300.0
2024-11-22,Alphabet,Q4,229.8699951,228.0599976,230.7200012,228.0599976,229.8699951,229.8699951,38168300.0
2024-11-25,Alphabet,Q4,232.8699951,231.4600067,233.25,229.7400055,232.8699951,232.8699951,90152800.0
2024-11-26,Alphabet,Q4,235.0599976,233.3300018,235.5700073,233.3300018,235.0599976,235.0599976,45986200.0
2024-11-27,Alphabet,Q4,234.9299927,234.4700012,235.6900024,233.8099976,234.9299927,234.9299927,33498400.0
2024-11-29,Alphabet,Q4,237.3300018,234.8099976,237.8099976,233.9700012,237.3300018,237.3300018,28481400.0
2024-12-02,Alphabet,Q4,239.5899963,237.2700043,240.7899933,237.1600037,239.5899963,239.5899963,48137100.0
2024-12-03,Alphabet,Q4,242.6499939,239.8099976,242.7599945,238.8999939,242.6499939,242.6499939,38861000.0
2024-12-04,Alphabet,Q4,243.0099945,242.8699951,244.1100006,241.25,243.0099945,243.0099945,44383900.0
2024-12-05,Alphabet,Q4,243.0399933,243.9900055,244.5399933,242.1300049,243.0399933,243.0399933,40033900.0
2024-12-06,Alphabet,Q4,242.8399963,242.9100037,244.6300049,242.0800018,242.8399963,242.8399963,36870600.0
2024-12-09,Alphabet,Q4,246.75,241.8300018,247.2400055,241.75,246.75,246.75,44649200.0
2024-12-10,Alphabet,Q4,247.7700043,246.8899994,248.2100067,245.3399963,247.7700043,247.7700043,36914800.0
2024-12-11,Alphabet,Q4,246.4900055,247.9600067,250.8000031,246.2599945,246.4900055,246.4900055,45205800.0
2024-12-12,Alphabet,Q4,247.9600067,246.8899994,248.7400055,245.6799927,247.9600067,247.9600067,32777500.0
2024-12-13,Alphabet,Q4,248.1300049,247.8200073,249.2899933,246.2400055,248.1300049,248.1300049,33155300.0
2024-12-16,Alphabet,Q4,251.0399933,247.9900055,251.3800049,247.6499939,251.0399933,251.0399933,51694800.0
2024-12-17,Alphabet,Q4,253.4799957,250.0800018,253.8300018,249.7799988,253.4799957,253.4799957,51356400.0
2024-12-18,Alphabet,Q4,248.0500031,252.1600037,254.2799988,247.7400055,248.0500031,248.0500031,56774100.0
2024-12-19,Alphabet,Q4,249.7899933,247.5,252.0,247.0899963,249.7899933,249.7899933,60882300.0
2024-12-20,Alphabet,Q4,254.4900055,248.0399933,255.0,245.6900024,254.4900055,254.4900055,147495300.0
2024-12-23,Alphabet,Q4,255.2700043,254.7700043,255.6499939,253.4499969,255.2700043,255.2700043,40858800.0
2024-12-24,Alphabet,Q4,258.2000122,255.4900055,258.2099915,255.2899933,258.2000122,258.2000122,23234700.0
2024-12-26,Alphabet,Q4,259.019989,258.1900024,260.1000061,257.6300049,259.019989,259.019989,27237100.0
2024-12-27,Alphabet,Q4,255.5899963,257.8299866,258.7000122,253.0599976,255.5899963,255.5899963,42355300.0
2024-12-30,Alphabet,Q4,252.1999969,252.2299957,253.5,250.75,252.1999969,252.1999969,35557500.0
2024-12-31,Alphabet,Q4,250.4199982,252.4400024,253.2799988,249.4299927,250.4199982,250.4199982,39480700.0
2024-07-30,Amazon,Q3,181.7100067,184.7200012,185.8600006,179.3800049,181.7100067,181.7100067,39508600.0
2024-07-31,Amazon,Q3,186.9799957,185.0500031,187.9400024,184.4600067,186.9799957,186.9799957,41667300.0
2024-08-01,Amazon,Q3,184.0700073,189.2899933,190.6000061,181.8699951,184.0700073,184.0700073,70435600.0
2024-08-02,Amazon,Q3,167.8999939,166.75,168.7700043,160.5500031,167.8999939,167.8999939,141448400.0
2024-08-05,Amazon,Q3,161.0200043,154.2100067,162.9600067,151.6100006,161.0200043,161.0200043,83149400.0
2024-08-06,Amazon,Q3,161.9299927,161.7100067,165.0800018,158.5399933,161.9299927,161.9299927,59950800.0
2024-08-07,Amazon,Q3,162.7700043,166.5500031,167.5800018,161.4299927,162.7700043,162.7700043,48408200.0
2024-08-08,Amazon,Q3,165.8000031,165.1699982,166.6900024,162.5500031,165.8000031,165.8000031,44616200.0
2024-08-09,Amazon,Q3,166.9400024,166.3999939,168.5500031,165.8500061,166.9400024,166.9400024,36401000.0
2024-08-12,Amazon,Q3,166.8000031,168.1399994,168.5500031,166.1100006,166.8000031,166.8000031,30072800.0
2024-08-13,Amazon,Q3,170.2299957,167.8099976,171.0399933,167.1000061,170.2299957,170.2299957,39237900.0
2024-08-14,Amazon,Q3,170.1000061,172.1100006,172.2799988,168.8600006,170.1000061,170.1000061,28843800.0
2024-08-15,Amazon,Q3,177.5899963,174.8600006,177.9100037,173.9900055,177.5899963,177.5899963,51698500.0
2024-08-16,Amazon,Q3,177.0599976,177.0399933,178.3399963,176.2599945,177.0599976,177.0599976,31489200.0
2024-08-19,Amazon,Q3,178.2200012,177.6399994,178.3000031,176.1600037,178.2200012,178.2200012,31129800.0
2024-08-20,Amazon,Q3,178.8800049,177.9199982,179.0099945,177.4299927,178.8800049,178.8800049,26255200.0
2024-08-21,Amazon,Q3,180.1100006,179.9199982,182.3899994,178.8899994,180.1100006,180.1100006,35599100.0
2024-08-22,Amazon,Q3,176.1300049,181.3800049,181.4700012,175.6799927,176.1300049,176.1300049,32047500.0
2024-08-23,Amazon,Q3,177.0399933,177.3399963,178.9700012,175.2400055,177.0399933,177.0399933,29150100.0
2024-08-26,Amazon,Q3,175.5,176.6999969,177.4700012,174.3000031,175.5,175.5,22366200.0
2024-08-27,Amazon,Q3,173.1199951,174.1499939,174.8899994,172.25,173.1199951,173.1199951,29842000.0
2024-08-28,Amazon,Q3,170.8000031,173.6900024,173.6900024,168.9199982,170.8000031,170.8000031,29045000.0
2024-08-29,Amazon,Q3,172.1199951,173.2200012,174.2899933,170.8099976,172.1199951,172.1199951,26407800.0
2024-08-30,Amazon,Q3,178.5,172.7799988,178.8999939,172.6000061,178.5,178.5,43429400.0
2024-09-03,Amazon,Q3,176.25,177.5500031,178.2599945,175.2599945,176.25,176.25,37817500.0
2024-09-04,Amazon,Q3,173.3300018,174.4799957,175.9799957,172.5399933,173.3300018,173.3300018,30309200.0
2024-09-05,Amazon,Q3,177.8899994,175.0,179.8800049,175.0,177.8899994,177.8899994,40170500.0
2024-09-06,Amazon,Q3,171.3899994,177.2400055,178.3800049,171.1600037,171.3899994,171.3899994,41466500.0
2024-09-09,Amazon,Q3,175.3999939,174.5299988,175.8500061,173.5099945,175.3999939,175.3999939,29037400.0
2024-09-10,Amazon,Q3,179.5500031,177.4900055,180.5,176.7899933,179.5500031,179.5500031,36233800.0
2024-09-11,Amazon,Q3,184.5200043,180.1000061,184.9900055,175.7299957,184.5200043,184.5200043,42564700.0
2024-09-12,Amazon,Q3,187.0,184.8000031,187.4100037,183.5399933,187.0,187.0,33622500.0
2024-09-13,Amazon,Q3,186.4900055,187.0,188.5,185.9100037,186.4900055,186.4900055,26495400.0
2024-09-16,Amazon,Q3,184.8899994,185.2899933,185.8099976,183.3600006,184.8899994,184.8899994,26065500.0
2024-09-17,Amazon,Q3,186.8800049,186.8500061,189.4499969,186.1399994,186.8800049,186.8800049,26091700.0
2024-09-18,Amazon,Q3,186.4299927,186.4499969,188.8000031,185.0599976,186.4299927,186.4299927,34448100.0
2024-09-19,Amazon,Q3,189.8699951,190.0399933,190.9900055,188.4700012,189.8699951,189.8699951,39543200.0
2024-09-20,Amazon,Q3,191.6000061,190.2299957,191.8399963,187.4100037,191.6000061,191.6000061,100378600.0
2024-09-23,Amazon,Q3,193.8800049,191.6399994,194.4499969,190.5700073,193.8800049,193.8800049,36993100.0
2024-09-24,Amazon,Q3,193.9600067,194.2700043,195.3699951,190.1300049,193.9600067,193.9600067,43478900.0
2024-09-25,Amazon,Q3,192.5299988,193.75,193.9499969,192.1600037,192.5299988,192.5299988,26391100.0
2024-09-26,Amazon,Q3,191.1600037,194.3099976,194.5299988,189.5399933,191.1600037,191.1600037,36334900.0
2024-09-27,Amazon,Q3,187.9700012,190.6799927,190.8999939,187.3399963,187.9700012,187.9700012,36002300.0
2024-09-30,Amazon,Q3,186.3300018,187.1399994,188.4900055,184.6499939,186.3300018,186.3300018,41583900.0
2024-10-01,Amazon,Q4,185.1300049,184.8999939,186.1900024,183.4499969,185.1300049,185.1300049,36044900.0
2024-10-02,Amazon,Q4,184.7599945,184.4400024,186.6000061,184.0399933,184.7599945,184.7599945,23704100.0
2024-10-03,Amazon,Q4,181.9600067,183.0500031,183.4400024,180.8800049,181.9600067,181.9600067,30204300.0
2024-10-04,Amazon,Q4,186.5099945,185.75,187.6000061,183.6000061,186.5099945,186.5099945,40890300.0
2024-10-07,Amazon,Q4,180.8000031,182.9499969,183.6000061,180.25,180.8000031,180.8000031,42364200.0
2024-10-08,Amazon,Q4,182.7200012,181.9199982,183.0899963,180.9199982,182.7200012,182.7200012,26372100.0
2024-10-09,Amazon,Q4,185.1699982,182.8200073,185.8500061,182.0500031,185.1699982,185.1699982,26343100.0
2024-10-10,Amazon,Q4,186.6499939,187.1300049,188.1300049,185.8300018,186.6499939,186.6499939,27785000.0
2024-10-11,Amazon,Q4,188.8200073,186.6300049,189.9299927,186.3000031,188.8200073,188.8200073,25751600.0
2024-10-14,Amazon,Q4,187.5399933,189.7799988,189.8300018,187.3600006,187.5399933,187.5399933,22614400.0
2024-10-15,Amazon,Q4,187.6900024,187.6300049,188.4100037,184.5800018,187.6900024,187.6900024,32178900.0
2024-10-16,Amazon,Q4,186.8899994,187.0500031,187.7799988,185.6100006,186.8899994,186.8899994,23456800.0
2024-10-17,Amazon,Q4,187.5299988,188.2200012,188.9400024,186.0,187.5299988,187.5299988,25039400.0
2024-10-18,Amazon,Q4,188.9900055,187.1499939,190.7400055,186.2799988,188.9900055,188.9900055,37417700.0
2024-10-21,Amazon,Q4,189.0700073,188.0500031,189.4600067,186.3999939,189.0700073,189.0700073,24639400.0
2024-10-22,Amazon,Q4,189.6999969,188.3500061,191.5200043,186.9799957,189.6999969,189.6999969,29650600.0
2024-10-23,Amazon,Q4,184.7100067,188.8500061,189.1600037,183.6900024,184.7100067,184.7100067,31937100.0
2024-10-24,Amazon,Q4,186.3800049,185.25,187.1100006,183.8600006,186.3800049,186.3800049,21647400.0
2024-10-25,Amazon,Q4,187.8300018,187.8500061,190.4499969,187.5299988,187.8300018,187.8300018,29362100.0
2024-10-28,Amazon,Q4,188.3899994,189.5700073,190.2100067,188.2100067,188.3899994,188.3899994,27930800.0
2024-10-29,Amazon,Q4,190.8300018,188.5800018,191.4600067,187.8200073,190.8300018,190.8300018,35690200.0
2024-10-30,Amazon,Q4,192.7299957,194.6999969,195.6100006,192.4199982,192.7299957,192.7299957,37707600.0
2024-10-31,Amazon,Q4,186.3999939,190.5099945,190.6000061,185.2299957,186.3999939,186.3999939,75146800.0
2024-11-01,Amazon,Q4,197.9299927,199.0,200.5,197.0200043,197.9299927,197.9299927,99687800.0
2024-11-04,Amazon,Q4,195.7799988,196.4499969,197.3300018,194.3099976,195.7799988,195.7799988,38492100.0
2024-11-05,Amazon,Q4,199.5,196.0399933,199.8200073,195.9900055,199.5,199.5,30564800.0
2024-11-06,Amazon,Q4,207.0899963,200.0099945,207.5500031,199.1399994,207.0899963,207.0899963,72292200.0
2024-11-07,Amazon,Q4,210.0500031,207.4400024,212.25,207.1900024,210.0500031,210.0500031,52878400.0
2024-11-08,Amazon,Q4,208.1799927,209.7200012,209.9600067,207.4400024,208.1799927,208.1799927,36075800.0
2024-11-11,Amazon,Q4,206.8399963,208.5,209.6499939,205.5899963,206.8399963,206.8399963,35456000.0
2024-11-12,Amazon,Q4,208.9100037,208.3699951,209.5399933,206.0099945,208.9100037,208.9100037,38942900.0
2024-11-13,Amazon,Q4,214.1000061,209.3999939,215.0899963,209.1399994,214.1000061,214.1000061,46212900.0
2024-11-14,Amazon,Q4,211.4799957,214.1600037,215.8999939,210.8800049,211.4799957,211.4799957,42620300.0
2024-11-15,Amazon,Q4,202.6100006,206.7599945,207.3399963,199.6100006,202.6100006,202.6100006,86591100.0
2024-11-18,Amazon,Q4,201.6999969,204.1499939,204.6699982,200.9499969,201.6999969,201.6999969,36512500.0
2024-11-19,Amazon,Q4,204.6100006,199.3300018,205.3000031,198.7799988,204.6100006,204.6100006,31197900.0
2024-11-20,Amazon,Q4,202.8800049,202.9799957,203.1300049,199.4499969,202.8800049,202.8800049,32769000.0
2024-11-21,Amazon,Q4,198.3800049,203.4900055,203.4900055,195.75,198.3800049,198.3800049,58800000.0
2024-11-22,Amazon,Q4,197.1199951,198.25,199.2599945,196.75,197.1199951,197.1199951,31530800.0
2024-11-25,Amazon,Q4,201.4499969,199.2799988,201.9499969,199.0,201.4499969,201.4499969,40685700.0
2024-11-26,Amazon,Q4,207.8600006,201.8999939,208.0,201.7899933,207.8600006,207.8600006,41673700.0
2024-11-27,Amazon,Q4,205.7400055,206.9799957,207.6399994,205.0500031,205.7400055,205.7400055,28061600.0
2024-11-29,Amazon,Q4,207.8899994,205.8300018,208.1999969,204.5899963,207.8899994,207.8899994,24892400.0
2024-12-02,Amazon,Q4,210.7100067,209.9600067,212.9900055,209.5099945,210.7100067,210.7100067,39523200.0
2024-12-03,Amazon,Q4,213.4400024,210.3099976,214.0200043,209.6499939,213.4400024,213.4400024,32214800.0
2024-12-04,Amazon,Q4,218.1600037,215.9600067,220.0,215.75,218.1600037,218.1600037,48745700.0
2024-12-05,Amazon,Q4,220.5500031,218.0299988,222.1499939,217.3000031,220.5500031,220.5500031,41140200.0
2024-12-06,Amazon,Q4,227.0299988,220.75,227.1499939,220.6000061,227.0299988,227.0299988,44178100.0
2024-12-09,Amazon,Q4,226.0899963,227.2100067,230.0800018,225.6699982,226.0899963,226.0899963,46819400.0
2024-12-10,Amazon,Q4,225.0399933,226.0899963,229.0599976,224.1999969,225.0399933,225.0399933,31199900.0
2024-12-11,Amazon,Q4,230.2599945,226.4100037,231.1999969,226.2599945,230.2599945,230.2599945,35385800.0
2024-12-12,Amazon,Q4,228.9700012,229.8300018,231.0899963,227.6300049,228.9700012,228.9700012,28204100.0
2024-12-13,Amazon,Q4,227.4600067,228.3999939,230.1999969,225.8600006,227.4600067,227.4600067,28768100.0
2024-12-16,Amazon,Q4,232.9299927,230.2299957,233.0,228.0099945,232.9299927,232.9299927,37552100.0
2024-12-17,Amazon,Q4,231.1499939,232.3899994,232.7299957,227.8500061,231.1499939,231.1499939,35948100.0
2024-12-18,Amazon,Q4,220.5200043,230.7700043,231.3999939,220.1100006,220.5200043,220.5200043,43281400.0
2024-12-19,Amazon,Q4,223.2899933,224.9100037,226.0899963,222.9199982,223.2899933,223.2899933,39918700.0
2024-12-20,Amazon,Q4,224.9199982,219.8399963,226.2100067,218.7299957,224.9199982,224.9199982,88279200.0
2024-12-23,Amazon,Q4,225.0599976,225.0099945,226.8800049,223.8999939,225.0599976,225.0599976,28070000.0
2024-12-24,Amazon,Q4,229.0500031,226.9400024,229.1399994,226.1300049,229.0500031,229.0500031,15007500.0
2024-12-26,Amazon,Q4,227.0500031,228.5,228.5,226.6699982,227.0500031,227.0500031,16146700.0
2024-12-27,Amazon,Q4,223.75,225.6000061,226.0299988,220.8999939,223.75,223.75,27367100.0
2024-12-30,Amazon,Q4,221.3000031,220.0599976,223.0,218.4299927,221.3000031,221.3000031,28321200.0
2024-12-31,Amazon,Q4,219.3899994,222.9700012,223.2299957,218.9400024,219.3899994,219.3899994,24819700.0
2024-07-30,Microsoft,Q3,422.9200134,427.7200012,429.0499878,417.3599854,422.9200134,422.1591187,32687600.0
2024-07-31,Microsoft,Q3,418.3500061,420.5,421.7799988,412.2099915,418.3500061,417.5973206,42891400.0
2024-08-01,Microsoft,Q3,417.1099854,420.7900085,427.4599915,413.0899963,417.1099854,416.3595276,30296400.0
2024-08-02,Microsoft,Q3,408.4899902,412.4899902,415.0,404.3399963,408.4899902,407.7550354,29437900.0
2024-08-05,Microsoft,Q3,395.1499939,389.1700134,401.0400085,385.5799866,395.1499939,394.4390564,40709200.0
2024-08-06,Microsoft,Q3,399.6099854,400.0,405.6700134,398.5,399.6099854,398.8910217,24946500.0
2024-08-07,Microsoft,Q3,398.4299927,408.6400146,410.0799866,397.4700012,398.4299927,397.7131653,20650900.0
2024-08-08,Microsoft,Q3,402.6900024,402.4400024,405.8599854,399.9400024,402.6900024,401.9654846,20203000.0
2024-08-09,Microsoft,Q3,406.019989,404.0299988,408.0499878,402.2600098,406.019989,405.2894897,19276700.0
2024-08-12,Microsoft,Q3,406.8099976,407.0599976,408.7600098,404.2399902,406.8099976,406.078064,16762900.0
2024-08-13,Microsoft,Q3,414.0100098,409.5899963,414.9500122,409.5700073,414.0100098,413.2651367,19414300.0
2024-08-14,Microsoft,Q3,416.8599854,414.7999878,417.7200012,412.4500122,416.8599854,416.1099854,18267000.0
2024-08-15,Microsoft,Q3,421.0299988,419.7999878,421.1099854,417.6600037,421.0299988,421.0299988,20752100.0
2024-08-16,Microsoft,Q3,418.4700012,420.6000061,421.3399963,417.2999878,418.4700012,418.4700012,22775600.0
2024-08-19,Microsoft,Q3,421.5299988,418.9599915,421.75,416.4599915,421.5299988,421.5299988,15234000.0
2024-08-20,Microsoft,Q3,424.7999878,421.7000122,425.8599854,421.6400146,424.7999878,424.7999878,16387600.0
2024-08-21,Microsoft,Q3,424.1400146,424.0799866,426.3999939,421.7200012,424.1400146,424.1400146,16067300.0
2024-08-22,Microsoft,Q3,415.5499878,424.3599854,426.7900085,414.6099854,415.5499878,415.5499878,19361900.0
2024-08-23,Microsoft,Q3,416.7900085,416.980011,419.2600098,412.0899963,416.7900085,416.7900085,18493800.0
2024-08-26,Microsoft,Q3,413.4899902,416.3699951,417.2799988,411.3399963,413.4899902,413.4899902,13152800.0
2024-08-27,Microsoft,Q3,413.8399963,412.8599854,414.3599854,410.25,413.8399963,413.8399963,13492900.0
2024-08-28,Microsoft,Q3,410.6000061,414.8800049,415.0,407.3099976,410.6000061,410.6000061,14882700.0
2024-08-29,Microsoft,Q3,413.1199951,414.9400024,422.0499878,410.6000061,413.1199951,413.1199951,17045200.0
2024-08-30,Microsoft,Q3,417.1400146,415.6000061,417.4899902,412.1300049,417.1400146,417.1400146,24308300.0
2024-09-03,Microsoft,Q3,409.4400024,417.9100037,419.8800049,407.0299988,409.4400024,409.4400024,20313600.0
2024-09-04,Microsoft,Q3,408.8999939,405.9100037,411.2399902,404.3699951,408.8999939,408.8999939,15135800.0
2024-09-05,Microsoft,Q3,408.3900146,407.6199951,413.1000061,406.1300049,408.3900146,408.3900146,14195500.0
2024-09-06,Microsoft,Q3,401.7000122,409.0599976,410.6499939,400.7999878,401.7000122,401.7000122,19609500.0
2024-09-09,Microsoft,Q3,405.7200012,407.2399902,408.6499939,402.1499939,405.7200012,405.7200012,15295100.0
2024-09-10,Microsoft,Q3,414.2000122,408.2000122,416.3299866,407.7000122,414.2000122,414.2000122,19594300.0
2024-09-11,Microsoft,Q3,423.0400085,415.5,423.9899902,409.5799866,423.0400085,423.0400085,19266900.0
2024-09-12,Microsoft,Q3,427.0,423.3099976,427.3699951,419.75,427.0,427.0,17418800.0
2024-09-13,Microsoft,Q3,430.5899963,425.8299866,431.8299866,425.4599915,430.5899963,430.5899963,15874600.0
2024-09-16,Microsoft,Q3,431.3399963,430.6000061,433.5299988,428.2200012,431.3399963,431.3399963,13834700.0
2024-09-17,Microsoft,Q3,435.1499939,440.230011,441.8500061,432.269989,435.1499939,435.1499939,18874200.0
2024-09-18,Microsoft,Q3,430.8099976,435.0,436.0299988,430.4100037,430.8099976,430.8099976,18898000.0
2024-09-19,Microsoft,Q3,438.6900024,441.230011,441.5,436.8999939,438.6900024,438.6900024,21706600.0
2024-09-20,Microsoft,Q3,435.269989,437.2200012,439.2399902,434.2200012,435.269989,435.269989,55167100.0
2024-09-23,Microsoft,Q3,433.5100098,434.2799988,436.4599915,430.3900146,433.5100098,433.5100098,15128900.0
2024-09-24,Microsoft,Q3,429.1700134,433.0,433.3500061,426.1000061,429.1700134,429.1700134,17015800.0
2024-09-25,Microsoft,Q3,432.1099854,429.8299866,433.1199951,428.5700073,432.1099854,432.1099854,13396400.0
2024-09-26,Microsoft,Q3,431.3099976,435.0899963,435.2999878,429.1300049,431.3099976,431.3099976,14492000.0
2024-09-27,Microsoft,Q3,428.019989,431.519989,431.8500061,427.4700012,428.019989,428.019989,14896100.0
2024-09-30,Microsoft,Q3,430.2999878,428.2099915,430.4200134,425.3699951,430.2999878,430.2999878,16807300.0
2024-10-01,Microsoft,Q4,420.6900024,428.4500122,428.480011,418.8099976,420.6900024,420.6900024,19092900.0
2024-10-02,Microsoft,Q4,417.1300049,422.5799866,422.8200073,416.7099915,417.1300049,417.1300049,16582300.0
2024-10-03,Microsoft,Q4,416.5400085,417.6300049,419.5499878,414.2900085,416.5400085,416.5400085,13686400.0
2024-10-04,Microsoft,Q4,416.0599976,418.2399902,419.75,414.9700012,416.0599976,416.0599976,19169700.0
2024-10-07,Microsoft,Q4,409.5400085,416.0,417.1099854,409.0,409.5400085,409.5400085,20919800.0
2024-10-08,Microsoft,Q4,414.7099915,410.8999939,415.6600037,408.1700134,414.7099915,414.7099915,19229300.0
2024-10-09,Microsoft,Q4,417.4599915,415.8599854,420.3800049,414.2999878,417.4599915,417.4599915,14974300.0
2024-10-10,Microsoft,Q4,415.8399963,415.230011,417.3500061,413.1499939,415.8399963,415.8399963,13848400.0
2024-10-11,Microsoft,Q4,416.3200073,416.1400146,417.1300049,413.25,416.3200073,416.3200073,14144900.0
2024-10-14,Microsoft,Q4,419.1400146,417.769989,424.0400085,417.519989,419.1400146,419.1400146,16653100.0
2024-10-15,Microsoft,Q4,418.7399902,422.1799927,422.480011,415.2600098,418.7399902,418.7399902,18900200.0
2024-10-16,Microsoft,Q4,416.1199951,415.1700134,416.3599854,410.480011,416.1199951,416.1199951,15508900.0
2024-10-17,Microsoft,Q4,416.7200012,422.3599854,422.5,415.5899963,416.7200012,416.7200012,14820000.0
2024-10-18,Microsoft,Q4,418.1600037,417.1400146,419.6499939,416.2600098,418.1600037,418.1600037,17145300.0
2024-10-21,Microsoft,Q4,418.7799988,416.1199951,418.9599915,413.75,418.7799988,418.7799988,14206100.0
2024-10-22,Microsoft,Q4,427.5100098,418.4899902,430.5799866,418.0400085,427.5100098,427.5100098,25482200.0
2024-10-23,Microsoft,Q4,424.6000061,430.8599854,431.0799866,422.5299988,424.6000061,424.6000061,19654400.0
2024-10-24,Microsoft,Q4,424.730011,425.3299866,425.980011,422.3999939,424.730011,424.730011,13581600.0
2024-10-25,Microsoft,Q4,428.1499939,426.7600098,432.519989,426.5700073,428.1499939,428.1499939,16899100.0
2024-10-28,Microsoft,Q4,426.5899963,431.6600037,431.9400024,426.2999878,426.5899963,426.5899963,14882400.0
2024-10-29,Microsoft,Q4,431.9500122,428.0,433.1700134,425.7999878,431.9500122,431.9500122,17644100.0
2024-10-30,Microsoft,Q4,432.5299988,437.4400024,438.5,432.1000061,432.5299988,432.5299988,29749100.0
2024-10-31,Microsoft,Q4,406.3500061,415.3599854,416.1600037,406.2999878,406.3500061,406.3500061,53971000.0
2024-11-01,Microsoft,Q4,410.3699951,409.0100098,415.5,407.5,410.3699951,410.3699951,24230400.0
2024-11-04,Microsoft,Q4,408.4599915,409.7999878,410.4200134,405.5700073,408.4599915,408.4599915,19672300.0
2024-11-05,Microsoft,Q4,411.4599915,408.3699951,414.8999939,408.0799866,411.4599915,411.4599915,17626000.0
2024-11-06,Microsoft,Q4,420.1799927,412.4200134,420.4500122,410.519989,420.1799927,420.1799927,26681800.0
2024-11-07,Microsoft,Q4,425.4299927,421.2799988,426.8500061,419.8800049,425.4299927,425.4299927,19901800.0
2024-11-08,Microsoft,Q4,422.5400085,425.3200073,426.5,421.7799988,422.5400085,422.5400085,16891400.0
2024-11-11,Microsoft,Q4,418.0100098,422.519989,424.8099976,416.0,418.0100098,418.0100098,24503300.0
2024-11-12,Microsoft,Q4,423.0299988,418.25,424.4400024,417.2000122,423.0299988,423.0299988,19401200.0
2024-11-13,Microsoft,Q4,425.2000122,421.6400146,429.3299866,418.2099915,425.2000122,425.2000122,21502200.0
2024-11-14,Microsoft,Q4,426.8900146,425.0,428.1700134,420.0,426.8900146,426.8900146,30246900.0
2024-11-15,Microsoft,Q4,415.0,419.8200073,422.7999878,413.6400146,415.0,415.0,28247600.0
2024-11-18,Microsoft,Q4,415.7600098,414.8699951,418.3999939,412.1000061,415.7600098,415.7600098,24742000.0
2024-11-19,Microsoft,Q4,417.7900085,413.1099854,417.9400024,411.5499878,417.7900085,417.7900085,18133500.0
2024-11-20,Microsoft,Q4,415.4899902,416.8699951,417.2900085,410.5799866,415.4899902,415.4899902,19191700.0
2024-11-21,Microsoft,Q4,412.8699951,419.5,419.7799988,410.2900085,412.8699951,412.8699951,20780200.0
2024-11-22,Microsoft,Q4,417.0,411.3699951,417.3999939,411.0599976,417.0,417.0,24814600.0
2024-11-25,Microsoft,Q4,418.7900085,418.3800049,421.0799866,414.8500061,418.7900085,418.7900085,27691100.0
2024-11-26,Microsoft,Q4,427.9899902,419.5899963,429.0400085,418.8500061,427.9899902,427.9899902,23458900.0
2024-11-27,Microsoft,Q4,422.9899902,425.1099854,427.230011,422.019989,422.9899902,422.9899902,18332400.0
2024-11-29,Microsoft,Q4,423.4599915,420.0899963,424.8800049,417.7999878,423.4599915,423.4599915,16271900.0
2024-12-02,Microsoft,Q4,430.980011,421.5700073,433.0,421.3099976,430.980011,430.980011,20207200.0
2024-12-03,Microsoft,Q4,431.2000122,429.8399963,432.4700012,427.7399902,431.2000122,431.2000122,18302000.0
2024-12-04,Microsoft,Q4,437.4200134,433.0299988,439.6700134,432.6300049,437.4200134,437.4200134,26009400.0
2024-12-05,Microsoft,Q4,442.6199951,437.9200134,444.6600037,436.1700134,442.6199951,442.6199951,21697800.0
2024-12-06,Microsoft,Q4,443.5700073,442.2999878,446.1000061,441.769989,443.5700073,443.5700073,18821000.0
2024-12-09,Microsoft,Q4,446.019989,442.6000061,448.3299866,440.5,446.019989,446.019989,19144400.0
2024-12-10,Microsoft,Q4,443.3299866,444.3900146,449.6199951,441.6000061,443.3299866,443.3299866,18469500.0
2024-12-11,Microsoft,Q4,448.9899902,444.0499878,450.3500061,444.0499878,448.9899902,448.9899902,19200200.0
2024-12-12,Microsoft,Q4,449.5599976,449.1099854,456.1600037,449.1099854,449.5599976,449.5599976,20834800.0
2024-12-13,Microsoft,Q4,447.269989,448.4400024,451.4299927,445.5799866,447.269989,447.269989,20177800.0
2024-12-16,Microsoft,Q4,451.5899963,447.269989,452.1799927,445.2799988,451.5899963,451.5899963,23598800.0
2024-12-17,Microsoft,Q4,454.4599915,451.0100098,455.2900085,449.5700073,454.4599915,454.4599915,22733500.0
2024-12-18,Microsoft,Q4,437.3900146,451.3200073,452.6499939,437.019989,437.3900146,437.3900146,24444500.0
2024-12-19,Microsoft,Q4,437.0299988,441.6199951,443.1799927,436.3200073,437.0299988,437.0299988,22963700.0
2024-12-20,Microsoft,Q4,436.6000061,433.1099854,443.7399902,428.6300049,436.6000061,436.6000061,64263700.0
2024-12-23,Microsoft,Q4,435.25,436.7399902,437.6499939,432.8299866,435.25,435.25,19152500.0
2024-12-24,Microsoft,Q4,439.3299866,434.6499939,439.6000061,434.1900024,439.3299866,439.3299866,7164500.0
2024-12-26,Microsoft,Q4,438.1099854,439.0799866,440.9400024,436.6300049,438.1099854,438.1099854,8194200.0
2024-12-27,Microsoft,Q4,430.5299988,434.6000061,435.2200012,426.3500061,430.5299988,430.5299988,18117700.0
2024-12-30,Microsoft,Q4,424.8299866,426.0599976,427.5499878,421.8999939,424.8299866,424.8299866,13158700.0
2024-12-31,Microsoft,Q4,421.5,426.1000061,426.730011,420.6600037,421.5,421.5,13246500.0
2024-07-30,Google,Q3,170.2899933,170.2400055,171.2299957,168.4400024,170.2899933,169.8696442,18959700.0
2024-07-31,Google,Q3,171.5399933,173.2400055,174.25,170.0099945,171.5399933,171.1165466,25729100.0
2024-08-01,Google,Q3,170.7599945,170.25,174.0500031,168.8800049,170.7599945,170.3384857,24531400.0
2024-08-02,Google,Q3,166.6600037,166.4400024,168.5099945,164.6699982,166.6600037,166.2486267,29130100.0
2024-08-05,Google,Q3,159.25,155.5,164.4299927,154.9299927,159.25,158.8569031,53630700.0
2024-08-06,Google,Q3,158.2899933,159.3300018,160.5700073,156.4100037,158.2899933,157.8992767,49004600.0
2024-08-07,Google,Q3,158.9400024,161.25,162.9799957,158.4700012,158.9400024,158.5476685,25138600.0
2024-08-08,Google,Q3,162.0299988,160.5099945,163.6900024,160.2100067,162.0299988,161.6300354,25578800.0
2024-08-09,Google,Q3,163.6699982,160.0099945,163.7899933,159.0599976,163.6699982,163.2659912,28602300.0
2024-08-12,Google,Q3,162.2899933,164.3500061,164.8999939,161.8399963,162.2899933,161.889389,15895300.0
2024-08-13,Google,Q3,164.1600037,163.4100037,164.7299957,162.9700012,164.1600037,163.754776,18551700.0
2024-08-14,Google,Q3,160.3699951,162.3999939,163.2200012,157.7100067,160.3699951,159.9741211,40591100.0
2024-08-15,Google,Q3,161.3000031,160.5,161.6399994,159.6100006,161.3000031,160.9018555,31524300.0
2024-08-16,Google,Q3,162.9600067,161.4700012,165.0599976,161.1300049,162.9600067,162.5577545,24208600.0
2024-08-19,Google,Q3,166.6699982,165.2799988,166.6900024,164.2599945,166.6699982,166.2585907,22416200.0
2024-08-20,Google,Q3,167.1799927,166.8999939,168.6399994,166.8200073,167.1799927,166.7673187,18341500.0
2024-08-21,Google,Q3,165.8500061,165.1499939,166.8500061,164.6699982,165.8500061,165.4406128,22902000.0
2024-08-22,Google,Q3,163.8000031,167.2599945,167.5899963,163.3099976,163.8000031,163.3956757,22493300.0
2024-08-23,Google,Q3,165.6199951,164.7200012,166.1799927,163.8300018,165.6199951,165.2111816,13955700.0
2024-08-26,Google,Q3,166.1600037,166.3800049,167.5500031,164.4600067,166.1600037,165.7498474,14190400.0
2024-08-27,Google,Q3,164.6799927,165.8399963,166.4400024,164.4600067,164.6799927,164.2734833,11821900.0
2024-08-28,Google,Q3,162.8500061,165.0399933,165.6000061,161.5299988,162.8500061,162.4480133,16407400.0
2024-08-29,Google,Q3,161.7799988,164.3099976,165.9700012,160.25,161.7799988,161.380661,19699800.0
2024-08-30,Google,Q3,163.3800049,162.6199951,163.6600037,161.6900024,163.3800049,162.9767151,22123800.0
2024-09-03,Google,Q3,157.3600006,161.7200012,161.8500061,156.4799957,157.3600006,156.9715576,38945300.0
2024-09-04,Google,Q3,156.4499969,156.6600037,159.0,155.9600067,156.4499969,156.0638123,19353800.0
2024-09-05,Google,Q3,157.2400055,156.3000031,159.4499969,155.9799957,157.2400055,156.8518677,18688700.0
2024-09-06,Google,Q3,150.9199982,157.3000031,157.8300018,150.5500031,150.9199982,150.5474548,37912100.0
2024-09-09,Google,Q3,148.7100067,152.5099945,153.3999939,147.2200012,148.7100067,148.5397644,39260500.0
2024-09-10,Google,Q3,148.6600037,150.4499969,151.2700043,148.3399963,148.6600037,148.4898224,31118800.0
2024-09-11,Google,Q3,151.1600037,149.9199982,151.5,147.5200043,151.1600037,150.9869537,29607700.0
2024-09-12,Google,Q3,154.6900024,153.8000031,154.8200073,152.6499939,154.6900024,154.5129242,29695000.0
2024-09-13,Google,Q3,157.4600067,155.4299927,158.3800049,155.2100067,157.4600067,157.2797546,29591200.0
2024-09-16,Google,Q3,158.0599976,157.3099976,158.25,156.6000061,158.0599976,157.8790588,18379800.0
2024-09-17,Google,Q3,159.3200073,159.0200043,160.5500031,158.3800049,159.3200073,159.137619,20715600.0
2024-09-18,Google,Q3,159.8099976,159.8600006,160.5,158.6000061,159.8099976,159.6270599,23677300.0
2024-09-19,Google,Q3,162.1399994,163.7100067,163.7899933,161.3399963,162.1399994,161.9543915,26587700.0
2024-09-20,Google,Q3,163.5899963,163.5,163.7299957,162.0599976,163.5899963,163.4027252,40896400.0
2024-09-23,Google,Q3,161.8500061,164.3500061,165.4900055,161.6699982,161.8500061,161.6647186,24150900.0
2024-09-24,Google,Q3,162.2899933,163.0299988,163.2200012,160.6900024,162.2899933,162.1042023,23332100.0
2024-09-25,Google,Q3,161.4900055,161.4700012,162.8099976,161.3000031,161.4900055,161.30513,18869200.0
2024-09-26,Google,Q3,162.7299957,163.6399994,164.0800018,162.2799988,162.7299957,162.5437012,20319300.0
2024-09-27,Google,Q3,163.9499969,162.8099976,165.6999969,162.6300049,163.9499969,163.7623138,21101300.0
2024-09-30,Google,Q3,165.8500061,163.3200073,166.1499939,163.2599945,165.8500061,165.660141,20413900.0
2024-10-01,Google,Q4,166.9900055,167.6900024,169.1600037,164.5800018,166.9900055,166.7988434,28338100.0
2024-10-02,Google,Q4,165.8600006,166.4199982,167.5200043,164.7299957,165.8600006,165.6701355,17760200.0
2024-10-03,Google,Q4,165.8600006,164.4100037,166.6399994,163.9199982,165.8600006,165.6701355,15073100.0
2024-10-04,Google,Q4,167.0599976,168.0599976,168.2299957,165.4799957,167.0599976,166.8687592,19047400.0
2024-10-07,Google,Q4,162.9799957,167.7200012,168.4799957,162.75,162.9799957,162.7934265,22463100.0
2024-10-08,Google,Q4,164.3800049,163.9400024,164.7299957,162.8699951,164.3800049,164.1918335,23072700.0
2024-10-09,Google,Q4,161.8600006,163.4499969,164.8399963,159.7400055,161.8600006,161.6747131,31181800.0
2024-10-10,Google,Q4,162.0800018,160.8699951,163.0700073,160.3999939,162.0800018,161.894455,14144100.0
2024-10-11,Google,Q4,163.2400055,162.1300049,163.8999939,161.2400055,163.2400055,163.0531311,15344300.0
2024-10-14,Google,Q4,164.9600067,163.6399994,166.2299957,163.3999939,164.9600067,164.7711639,19016100.0
2024-10-15,Google,Q4,165.4600067,165.7899933,167.6799927,164.6300049,165.4600067,165.2705994,20247200.0
2024-10-16,Google,Q4,165.1600037,164.5299988,165.8000031,163.7400055,165.1600037,164.970932,16406000.0
2024-10-17,Google,Q4,162.9299927,165.7299957,166.3699951,162.7599945,162.9299927,162.7434692,21453400.0
2024-10-18,Google,Q4,163.4199982,163.1900024,164.7100067,163.0800018,163.4199982,163.2329254,19757700.0
2024-10-21,Google,Q4,164.0700073,162.9499969,164.5,162.6199951,164.0700073,163.8821869,20946500.0
2024-10-22,Google,Q4,165.1399994,162.9799957,165.7700043,162.9799957,165.1399994,164.9509583,16568100.0
2024-10-23,Google,Q4,162.7799988,164.7599945,165.8200073,161.9299927,162.7799988,162.5936584,18280500.0
2024-10-24,Google,Q4,162.7200012,162.8300018,163.3300018,161.0099945,162.7200012,162.5337219,22412500.0
2024-10-25,Google,Q4,165.2700043,163.6699982,165.5899963,163.4199982,165.2700043,165.0808105,19828900.0
2024-10-28,Google,Q4,166.7200012,168.75,168.75,163.9499969,166.7200012,166.5291443,32138600.0
2024-10-29,Google,Q4,169.6799927,167.7299957,170.3800049,167.0899963,169.6799927,169.4857483,42169000.0
2024-10-30,Google,Q4,174.4600067,180.6799927,182.0200043,174.0599976,174.4600067,174.2602844,68890800.0
2024-10-31,Google,Q4,171.1100006,173.1300049,176.8200073,171.0,171.1100006,170.9141235,44769000.0
2024-11-01,Google,Q4,171.2899933,170.0700073,172.3200073,168.8800049,171.2899933,171.0939026,31796500.0
2024-11-04,Google,Q4,169.2400055,169.9299927,170.7299957,168.0099945,169.2400055,169.0462646,21492700.0
2024-11-05,Google,Q4,169.7400055,169.4299927,170.5299988,168.8399963,169.7400055,169.5457001,18242100.0
2024-11-06,Google,Q4,176.5099945,173.8000031,176.9400024,173.5,176.5099945,176.3079376,33695500.0
2024-11-07,Google,Q4,180.75,177.4100037,181.0800018,177.1900024,180.75,180.5430908,25352900.0
2024-11-08,Google,Q4,178.3500061,180.6499939,180.8999939,178.0800018,178.3500061,178.1458435,22006200.0
2024-11-11,Google,Q4,180.3500061,178.5800018,180.5500031,178.4700012,180.3500061,180.1435547,17450400.0
2024-11-12,Google,Q4,181.6199951,179.8200073,182.4900055,179.3899994,181.6199951,181.4120789,25134900.0
2024-11-13,Google,Q4,178.8800049,180.4600067,180.9600067,178.5399933,178.8800049,178.6752319,23184000.0
2024-11-14,Google,Q4,175.5800018,178.2799988,178.8200073,174.3200073,175.5800018,175.3789978,31007500.0
2024-11-15,Google,Q4,172.4900055,173.7299957,174.1399994,171.2200012,172.4900055,172.2925415,32504600.0
2024-11-18,Google,Q4,175.3000031,173.4199982,175.4400024,172.8999939,175.3000031,175.0993195,20206600.0
2024-11-19,Google,Q4,178.1199951,173.7200012,178.8699951,173.5599976,178.1199951,177.9160919,23434900.0
2024-11-20,Google,Q4,175.9799957,177.3399963,177.6799927,173.7799988,175.9799957,175.7785339,18997100.0
2024-11-21,Google,Q4,167.6300049,173.8999939,174.1300049,163.6999969,167.6300049,167.4381104,59734400.0
2024-11-22,Google,Q4,164.7599945,165.8500061,166.4600067,163.8999939,164.7599945,164.5713806,38604600.0
2024-11-25,Google,Q4,167.6499939,166.0899963,168.6300049,165.6100006,167.6499939,167.4580688,33135300.0
2024-11-26,Google,Q4,169.1199951,167.6300049,169.8200073,167.5800018,169.1199951,168.9263916,20486700.0
2024-11-27,Google,Q4,169.2299957,169.0,169.4799957,168.0200043,169.2299957,169.0362701,19266500.0
2024-11-29,Google,Q4,168.9499969,168.5,169.4299927,167.1600037,168.9499969,168.7565918,14257200.0
2024-12-02,Google,Q4,171.4900055,168.7700043,172.0800018,168.5700073,171.4900055,171.2936859,23789100.0
2024-12-03,Google,Q4,171.3399963,171.4900055,172.6799927,170.8500061,171.3399963,171.1438446,22248700.0
2024-12-04,Google,Q4,174.3699951,171.1499939,174.9100037,171.0599976,174.3699951,174.1703796,31615100.0
2024-12-05,Google,Q4,172.6399994,175.3600006,176.0599976,172.3300018,172.6399994,172.4423676,21356200.0
2024-12-06,Google,Q4,174.7100067,172.0299988,175.0800018,171.8600006,174.7100067,174.5100098,21462400.0
2024-12-09,Google,Q4,175.3699951,173.9600067,176.2599945,173.6499939,175.3699951,175.3699951,25389600.0
2024-12-10,Google,Q4,185.1699982,182.8500061,186.3600006,181.0500031,185.1699982,185.1699982,54813000.0
2024-12-11,Google,Q4,195.3999939,185.3099976,195.6100006,184.8500061,195.3999939,195.3999939,67894100.0
2024-12-12,Google,Q4,191.9600067,195.0,195.1799927,191.7100067,191.9600067,191.9600067,34817500.0
2024-12-13,Google,Q4,189.8200073,191.0099945,192.7299957,189.6399994,189.8200073,189.8200073,25143500.0
2024-12-16,Google,Q4,196.6600037,192.8699951,199.0,192.6199951,196.6600037,196.6600037,44934900.0
2024-12-17,Google,Q4,195.4199982,197.25,201.4199982,194.9799957,195.4199982,195.4199982,43504000.0
2024-12-18,Google,Q4,188.3999939,195.2200012,197.0,187.7400055,188.3999939,188.3999939,34166100.0
2024-12-19,Google,Q4,188.5099945,191.6300049,193.0299988,188.3800049,188.5099945,188.5099945,32265200.0
2024-12-20,Google,Q4,191.4100037,185.7799988,192.8899994,185.2200012,191.4100037,191.4100037,63462900.0
2024-12-23,Google,Q4,194.6300049,192.6199951,195.1000061,190.1499939,194.6300049,194.6300049,25675000.0
2024-12-24,Google,Q4,196.1100006,194.8399963,196.1100006,193.7799988,196.1100006,196.1100006,10403300.0
2024-12-26,Google,Q4,195.6000061,195.1499939,196.75,194.3800049,195.6000061,195.6000061,12046600.0
2024-12-27,Google,Q4,192.7599945,194.9499969,195.3200073,190.6499939,192.7599945,192.7599945,18891400.0
2024-12-30,Google,Q4,191.2400055,189.8000031,192.5500031,189.1199951,191.2400055,191.2400055,14264700.0
2024-12-31,Google,Q4,189.3000031,191.0800018,191.9600067,188.5099945,189.3000031,189.3000031,17466900.0
2024-07-30,Netflix,Q3,622.5800171,630.1699829,634.6900024,617.0,622.5800171,622.5800171,3496600.0
2024-07-31,Netflix,Q3,628.3499756,626.5700073,633.5999756,622.5800171,628.3499756,628.3499756,3134900.0
2024-08-01,Netflix,Q3,624.8499756,629.25,646.710022,617.6099854,624.8499756,624.8499756,3720600.0
2024-08-02,Netflix,Q3,613.6400146,620.9799805,625.2700195,608.3499756,613.6400146,613.6400146,3523000.0
2024-08-05,Netflix,Q3,598.5499878,587.039978,604.5599976,587.039978,598.5499878,598.5499878,4044200.0
2024-08-06,Netflix,Q3,609.5700073,600.6199951,622.4500122,600.6199951,609.5700073,609.5700073,4319100.0
2024-08-07,Netflix,Q3,611.4799805,616.0700073,632.0,610.6400146,611.4799805,611.4799805,3187800.0
2024-08-08,Netflix,Q3,630.3499756,621.9899902,632.289978,616.0200195,630.3499756,630.3499756,3283500.0
2024-08-09,Netflix,Q3,633.9400024,622.9899902,636.6199951,622.9899902,633.9400024,633.9400024,1980800.0
2024-08-12,Netflix,Q3,633.1400146,631.0,639.0,627.0700073,633.1400146,633.1400146,2331700.0
2024-08-13,Netflix,Q3,648.0200195,638.5599976,650.9699707,635.5,648.0200195,648.0200195,2639600.0
2024-08-14,Netflix,Q3,661.6799927,648.7000122,663.5700073,648.7000122,661.6799927,661.6799927,4014300.0
2024-08-15,Netflix,Q3,663.2199707,668.4899902,673.1900024,659.7999878,663.2199707,663.2199707,3210200.0
2024-08-16,Netflix,Q3,674.0700073,669.4299927,680.2299805,665.3599854,674.0700073,674.0700073,3511000.0
2024-08-19,Netflix,Q3,688.5300293,674.0700073,688.8400269,672.9099731,688.5300293,688.5300293,3016200.0
2024-08-20,Netflix,Q3,698.539978,688.8599854,711.3300171,688.25,698.539978,698.539978,4813100.0
2024-08-21,Netflix,Q3,697.1199951,697.0,701.0,691.3800049,697.1199951,697.1199951,2235300.0
2024-08-22,Netflix,Q3,688.960022,691.0,701.5,686.2399902,688.960022,688.960022,2729400.0
2024-08-23,Netflix,Q3,686.7299805,694.1300049,696.0700073,678.6300049,686.7299805,686.7299805,2354500.0
2024-08-26,Netflix,Q3,688.4400024,687.2600098,690.5900269,681.6400146,688.4400024,688.4400024,1354200.0
2024-08-27,Netflix,Q3,695.7199707,688.5300293,707.8900146,686.9199829,695.7199707,695.7199707,3164900.0
2024-08-28,Netflix,Q3,683.8400269,695.8300171,696.6699829,677.0999756,683.8400269,683.8400269,2430600.0
2024-08-29,Netflix,Q3,692.4799805,690.0,699.7999878,686.0700073,692.4799805,692.4799805,2187000.0
2024-08-30,Netflix,Q3,701.3499756,700.3599854,701.8599854,688.1599731,701.3499756,701.3499756,3266700.0
2024-09-03,Netflix,Q3,675.3200073,700.0999756,703.8599854,671.0100098,675.3200073,675.3200073,3161000.0
2024-09-04,Netflix,Q3,679.6799927,673.3099976,684.6500244,673.0599976,679.6799927,679.6799927,1785300.0
2024-09-05,Netflix,Q3,683.6199951,673.1400146,687.3099976,671.8599854,683.6199951,683.6199951,1810100.0
2024-09-06,Netflix,Q3,665.7700195,681.8599854,683.1500244,662.3400269,665.7700195,665.7700195,2991300.0
2024-09-09,Netflix,Q3,675.4199829,674.0,683.5,672.1400146,675.4199829,675.4199829,2683100.0
2024-09-10,Netflix,Q3,673.6199951,676.8699951,680.5900269,665.8099976,673.6199951,673.6199951,2079200.0
2024-09-11,Netflix,Q3,681.4699707,677.460022,682.9699707,660.7999878,681.4699707,681.4699707,2391900.0
2024-09-12,Netflix,Q3,686.7999878,684.9199829,694.8800049,682.2000122,686.7999878,686.7999878,2588400.0
2024-09-13,Netflix,Q3,697.0599976,680.0100098,699.6400146,680.0,697.0599976,697.0599976,2276500.0
2024-09-16,Netflix,Q3,696.5,700.0,703.0200195,688.6300049,696.5,696.5,1843700.0
2024-09-17,Netflix,Q3,706.9099731,700.8200073,707.6300049,698.3699951,706.9099731,706.9099731,2298600.0
2024-09-18,Netflix,Q3,690.4699707,707.5499878,707.5499878,688.0,690.4699707,690.4699707,2984400.0
2024-09-19,Netflix,Q3,704.3200073,705.0,715.6599731,695.3699951,704.3200073,704.3200073,4228500.0
2024-09-20,Netflix,Q3,701.0300293,705.5499878,706.6699829,696.3099976,701.0300293,701.0300293,3998100.0
2024-09-23,Netflix,Q3,705.3699951,702.3900146,712.25,699.1599731,705.3699951,705.3699951,3224300.0
2024-09-24,Netflix,Q3,722.2600098,706.6300049,722.4400024,704.4500122,722.2600098,722.2600098,3565700.0
2024-09-25,Netflix,Q3,721.5599976,721.0,725.1199951,716.210022,721.5599976,721.5599976,2259800.0
2024-09-26,Netflix,Q3,711.4299927,724.7299805,725.2600098,701.7199707,711.4299927,711.4299927,2833000.0
2024-09-27,Netflix,Q3,707.3499756,708.3599854,710.710022,701.25,707.3499756,707.3499756,2395600.0
2024-09-30,Netflix,Q3,709.2700195,707.0,711.210022,702.8200073,709.2700195,709.2700195,1709900.0
2024-10-01,Netflix,Q4,706.1300049,713.6400146,717.7600098,698.5900269,706.1300049,706.1300049,2813500.0
2024-10-02,Netflix,Q4,711.0900269,706.1300049,716.210022,704.6900024,711.0900269,711.0900269,1758200.0
2024-10-03,Netflix,Q4,706.7999878,704.2600098,708.8099976,700.0,706.7999878,706.7999878,2256400.0
2024-10-04,Netflix,Q4,719.7000122,713.3200073,721.0100098,708.8200073,719.7000122,719.7000122,2229000.0
2024-10-07,Netflix,Q4,701.9199829,714.7600098,715.8800049,696.4299927,701.9199829,701.9199829,3360500.0
2024-10-08,Netflix,Q4,721.7600098,703.8800049,725.0599976,703.5499878,721.7600098,721.7600098,3187400.0
2024-10-09,Netflix,Q4,727.4299927,719.25,728.5900269,718.8699951,727.4299927,727.4299927,1981100.0
2024-10-10,Netflix,Q4,730.289978,723.289978,733.8499756,722.5,730.289978,730.289978,2767900.0
2024-10-11,Netflix,Q4,722.789978,734.9000244,736.0,721.2199707,722.789978,722.789978,2299500.0
2024-10-14,Netflix,Q4,713.0,725.0,726.6199951,711.3099976,713.0,713.0,2797100.0
2024-10-15,Netflix,Q4,705.9799805,712.5100098,713.4000244,699.7800293,705.9799805,705.9799805,2932800.0
2024-10-16,Netflix,Q4,702.0,703.4299927,705.5900269,697.8200073,702.0,702.0,2494300.0
2024-10-17,Netflix,Q4,687.6500244,704.3499756,704.4099731,677.8800049,687.6500244,687.6500244,8926700.0
2024-10-18,Netflix,Q4,763.8900146,737.6400146,766.2800293,736.2299805,763.8900146,763.8900146,15974100.0
2024-10-21,Netflix,Q4,772.0700073,765.7600098,773.0,756.5999756,772.0700073,772.0700073,6057100.0
2024-10-22,Netflix,Q4,764.2399902,765.2700195,769.7000122,761.1199951,764.2399902,764.2399902,2987300.0
2024-10-23,Netflix,Q4,749.289978,762.8300171,763.789978,744.2600098,749.289978,749.289978,3749000.0
2024-10-24,Netflix,Q4,754.5499878,751.9699707,755.8200073,746.25,754.5499878,754.5499878,2643000.0
2024-10-25,Netflix,Q4,754.6799927,756.1699829,768.5,753.5300293,754.6799927,754.6799927,2819500.0
2024-10-28,Netflix,Q4,749.1199951,758.6799927,758.6799927,747.8800049,749.1199951,749.1199951,2862400.0
2024-10-29,Netflix,Q4,759.4400024,751.1300049,763.8800049,748.0100098,759.4400024,759.4400024,3660400.0
2024-10-30,Netflix,Q4,753.7399902,758.0800171,759.789978,752.2800293,753.7399902,753.7399902,1722000.0
2024-10-31,Netflix,Q4,756.0300293,753.9299927,760.789978,752.2299805,756.0300293,756.0300293,3057700.0
2024-11-01,Netflix,Q4,756.0999756,753.4799805,763.7999878,747.7700195,756.0999756,756.0999756,2996800.0
2024-11-04,Netflix,Q4,755.5100098,753.1400146,762.4799805,749.6900024,755.5100098,755.5100098,1902200.0
2024-11-05,Netflix,Q4,763.9099731,757.3499756,767.5300293,756.2700195,763.9099731,763.9099731,2200600.0
2024-11-06,Netflix,Q4,780.210022,771.5,781.4899902,757.3800049,780.210022,780.210022,3690800.0
2024-11-07,Netflix,Q4,796.539978,781.3699951,798.2199707,779.9400024,796.539978,796.539978,3295100.0
2024-11-08,Netflix,Q4,795.039978,797.3599854,799.0599976,788.6500244,795.039978,795.039978,1910600.0
2024-11-11,Netflix,Q4,805.4400024,795.9000244,806.8200073,795.5700073,805.4400024,805.4400024,2399200.0
2024-11-12,Netflix,Q4,819.5,807.5,820.3699951,803.75,819.5,819.5,2814100.0
2024-11-13,Netflix,Q4,830.4699707,822.6199951,836.9899902,820.539978,830.4699707,830.4699707,2767800.0
2024-11-14,Netflix,Q4,837.2600098,833.6699829,841.0,830.0200195,837.2600098,837.2600098,3038200.0
2024-11-15,Netflix,Q4,823.960022,832.039978,832.039978,816.4899902,823.960022,823.960022,3673700.0
2024-11-18,Netflix,Q4,847.0499878,815.5,848.4500122,809.3300171,847.0499878,847.0499878,4084100.0
2024-11-19,Netflix,Q4,871.3200073,839.75,874.4899902,839.1599731,871.3200073,871.3200073,3814200.0
2024-11-20,Netflix,Q4,883.8499756,879.9799805,890.5999756,868.4000244,883.8499756,883.8499756,4093800.0
2024-11-21,Netflix,Q4,897.4799805,883.9299927,908.0,877.2399902,897.4799805,897.4799805,4511300.0
2024-11-22,Netflix,Q4,897.789978,896.0,906.0,893.0,897.789978,897.789978,3214000.0
2024-11-25,Netflix,Q4,865.5900269,902.0499878,902.0499878,864.2199707,865.5900269,865.5900269,6014200.0
2024-11-26,Netflix,Q4,872.5999756,867.4899902,886.3599854,867.25,872.5999756,872.5999756,3138300.0
2024-11-27,Netflix,Q4,877.3400269,872.0599976,880.9500122,858.9099731,877.3400269,877.3400269,2578200.0
2024-11-29,Netflix,Q4,886.8099976,882.1699829,892.4099731,876.6799927,886.8099976,886.8099976,2027200.0
2024-12-02,Netflix,Q4,897.7399902,887.5100098,902.3400269,884.1199951,897.7399902,897.7399902,2389000.0
2024-12-03,Netflix,Q4,902.1699829,894.3599854,902.6900024,888.0300293,902.1699829,902.1699829,2401600.0
2024-12-04,Netflix,Q4,911.0599976,898.0499878,915.9699707,898.0499878,911.0599976,911.0599976,2689600.0
2024-12-05,Netflix,Q4,917.8699951,917.8499756,927.0,911.1099854,917.8699951,917.8699951,2835300.0
2024-12-06,Netflix,Q4,934.7399902,915.2299805,935.2700195,912.710022,934.7399902,934.7399902,2955400.0
2024-12-09,Netflix,Q4,913.6900024,928.0,930.2999878,902.5900269,913.6900024,913.6900024,3350100.0
2024-12-10,Netflix,Q4,913.3499756,913.7600098,922.8800049,909.5800171,913.3499756,913.3499756,2388600.0
2024-12-11,Netflix,Q4,936.5599976,924.710022,941.75,923.0800171,936.5599976,936.5599976,3501700.0
2024-12-12,Netflix,Q4,925.5499878,933.3499756,934.0900269,922.5999756,925.5499878,925.5499878,2486200.0
2024-12-13,Netflix,Q4,918.8699951,916.8099976,925.5499878,909.6099854,918.8699951,918.8699951,2485800.0
2024-12-16,Netflix,Q4,921.0800171,923.9400024,928.9400024,919.5,921.0800171,921.0800171,2674900.0
2024-12-17,Netflix,Q4,919.1300049,921.539978,928.4500122,916.4199829,919.1300049,919.1300049,2459500.0
2024-12-18,Netflix,Q4,889.5499878,919.1300049,922.4400024,886.5599976,889.5499878,889.5499878,2938200.0
2024-12-19,Netflix,Q4,902.039978,908.1799927,912.6199951,899.0,902.039978,902.039978,2815500.0
2024-12-20,Netflix,Q4,909.0499878,893.210022,919.9199829,890.4899902,909.0499878,909.0499878,4530500.0
2024-12-23,Netflix,Q4,911.4500122,913.4199829,915.0,899.0999756,911.4500122,911.4500122,2339400.0
2024-12-24,Netflix,Q4,932.1199951,915.0,935.8499756,911.7000122,932.1199951,932.1199951,2320300.0
2024-12-26,Netflix,Q4,924.1400146,928.4000244,930.4899902,915.2999878,924.1400146,924.1400146,2340300.0
2024-12-27,Netflix,Q4,907.5499878,916.0100098,918.1300049,894.5,907.5499878,907.5499878,3226200.0
2024-12-30,Netflix,Q4,900.4299927,894.5100098,908.2299805,889.710022,900.4299927,900.4299927,2203000.0
2024-12-31,Netflix,Q4,891.3200073,901.7999878,902.6799927,889.4699707,891.3200073,891.3200073,1875900.0
2024-07-30,Meta,Q3,463.1900024,467.0,472.730011,456.7000122,463.1900024,462.3755798,11390400.0
2024-07-31,Meta,Q3,474.8299866,471.019989,476.5,466.75,474.8299866,473.9951172,24285800.0
2024-08-01,Meta,Q3,497.7399902,521.0,527.1699829,492.1000061,497.7399902,496.8648071,43083100.0
2024-08-02,Meta,Q3,488.1400146,489.0,501.1499939,476.1499939,488.1400146,487.2817078,24044700.0
2024-08-05,Meta,Q3,475.730011,451.3500061,483.480011,450.7999878,475.730011,474.8935547,21396200.0
2024-08-06,Meta,Q3,494.0899963,479.0,502.5599976,478.6499939,494.0899963,493.2212219,20955000.0
2024-08-07,Meta,Q3,488.9200134,503.1300049,510.1499939,486.8599854,488.9200134,488.0603638,20105300.0
2024-08-08,Meta,Q3,509.6300049,497.5,509.9599915,494.7200012,509.6300049,508.7339172,16156800.0
2024-08-09,Meta,Q3,517.7700195,507.7099915,518.3400269,505.7000122,517.7700195,516.8596191,13696600.0
2024-08-12,Meta,Q3,515.9500122,516.8599854,518.0200195,509.1000061,515.9500122,515.0427856,9767400.0
2024-08-13,Meta,Q3,528.539978,520.0100098,531.5,518.1500244,528.539978,527.6106567,13743800.0
2024-08-14,Meta,Q3,526.7600098,528.0599976,534.0,523.1300049,526.7600098,525.8338623,11444200.0
2024-08-15,Meta,Q3,537.3300171,531.789978,539.7700195,526.7000122,537.3300171,536.3851929,13482100.0
2024-08-16,Meta,Q3,527.4199829,531.9000244,533.6599731,524.6599731,527.4199829,526.4926147,14776700.0
2024-08-19,Meta,Q3,529.2800293,526.8699951,531.6599731,522.7600098,529.2800293,528.3493652,9879700.0
2024-08-20,Meta,Q3,526.7299805,528.3499756,531.0900269,525.8800049,526.7299805,525.803833,7944400.0
2024-08-21,Meta,Q3,535.1599731,527.1500244,539.4000244,526.9299927,535.1599731,534.2189941,13423300.0
2024-08-22,Meta,Q3,531.9299927,537.0,544.2299805,528.5900269,531.9299927,530.994751,15708300.0
2024-08-23,Meta,Q3,528.0,536.9199829,539.8699951,525.0599976,528.0,527.0715942,11323900.0
2024-08-26,Meta,Q3,521.1199951,527.5999756,528.0,514.9500122,521.1199951,520.2037354,9584000.0
2024-08-27,Meta,Q3,519.0999756,518.9799805,524.0100098,515.3099976,519.0999756,518.1872559,6282700.0
2024-08-28,Meta,Q3,516.7800293,517.6699829,521.0900269,512.4500122,516.7800293,515.8713379,9106100.0
2024-08-29,Meta,Q3,518.2199707,519.0499878,527.2000122,515.6799927,518.2199707,517.3087769,8317400.0
2024-08-30,Meta,Q3,521.3099976,521.3499756,523.539978,515.2000122,521.3099976,520.3934326,9157500.0
2024-09-03,Meta,Q3,511.7600098,519.6400146,525.4899902,508.6199951,511.7600098,510.8601685,12459100.0
2024-09-04,Meta,Q3,512.7399902,506.0700073,516.5900269,504.0700073,512.7399902,511.8384094,8335200.0
2024-09-05,Meta,Q3,516.8599854,511.7200012,521.6300049,511.1499939,516.8599854,515.9511719,8640900.0
2024-09-06,Meta,Q3,500.269989,521.8800049,524.5800171,498.25,500.269989,499.3903503,14744500.0
2024-09-09,Meta,Q3,504.7900085,506.1600037,511.3299866,502.0799866,504.7900085,503.9024353,11047800.0
2024-09-10,Meta,Q3,504.7900085,508.1600037,514.1799927,500.0299988,504.7900085,503.9024353,9899000.0
2024-09-11,Meta,Q3,511.8299866,507.0100098,513.1199951,495.6000061,511.8299866,510.9300232,10782500.0
2024-09-12,Meta,Q3,525.5999756,517.0499878,526.710022,515.2199707,525.5999756,524.6758423,11993300.0
2024-09-13,Meta,Q3,524.6199951,520.3400269,527.5800171,517.1099854,524.6199951,523.6975708,10321400.0
2024-09-16,Meta,Q3,533.2800293,524.539978,534.0999756,517.4000244,533.2800293,532.8502197,9527600.0
2024-09-17,Meta,Q3,536.3200073,537.5999756,542.0999756,530.5700073,536.3200073,535.8877563,11690800.0
2024-09-18,Meta,Q3,537.9500122,537.0700073,544.2000122,533.9000244,537.9500122,537.5164185,10323500.0
2024-09-19,Meta,Q3,559.0999756,550.0,562.0700073,546.5200195,559.0999756,558.649353,15647000.0
2024-09-20,Meta,Q3,561.3499756,560.0,564.5,556.2999878,561.3499756,560.897522,22066800.0
2024-09-23,Meta,Q3,564.4099731,569.5,573.9799805,562.4099731,564.4099731,563.9550781,12830700.0
2024-09-24,Meta,Q3,563.3300171,566.6799927,567.75,554.1900024,563.3300171,562.8759766,12993000.0
2024-09-25,Meta,Q3,568.3099976,564.0499878,576.8800049,563.7199707,568.3099976,567.8519287,16543400.0
2024-09-26,Meta,Q3,567.8400269,575.7299805,577.4000244,562.3499756,567.8400269,567.3823853,14400800.0
2024-09-27,Meta,Q3,567.3599854,570.0999756,570.8400269,564.5100098,567.3599854,566.90271,9398400.0
2024-09-30,Meta,Q3,572.4400024,567.7000122,574.6799927,564.7999878,572.4400024,571.9786377,12792300.0
2024-10-01,Meta,Q4,576.4699707,577.9799805,583.039978,570.0999756,576.4699707,576.0053711,15259300.0
2024-10-02,Meta,Q4,572.8099976,574.8599854,576.0,569.3400269,572.8099976,572.3483276,6524700.0
2024-10-03,Meta,Q4,582.7700195,570.1500244,583.3599854,568.7299805,582.7700195,582.300293,11581000.0
2024-10-04,Meta,Q4,595.9400024,583.7299805,596.8499756,581.4299927,595.9400024,595.4597168,14169500.0
2024-10-07,Meta,Q4,584.7800293,598.2199707,602.9500122,584.039978,584.7800293,584.3087158,12014200.0
2024-10-08,Meta,Q4,592.8900146,589.6900024,593.5599976,585.9699707,592.8900146,592.4121704,7857400.0
2024-10-09,Meta,Q4,590.5100098,593.9899902,594.3900146,581.6099854,590.5100098,590.0340576,9529700.0
2024-10-10,Meta,Q4,583.8300171,587.5700073,590.2299805,582.5200195,583.8300171,583.359436,7740400.0
2024-10-11,Meta,Q4,589.9500122,584.8300171,591.210022,582.710022,589.9500122,589.4745483,8587100.0
2024-10-14,Meta,Q4,590.4199829,594.2199707,600.0999756,589.960022,590.4199829,589.9440918,8252000.0
2024-10-15,Meta,Q4,586.2700195,590.1599731,590.6099854,580.1400146,586.2700195,585.7974854,9564200.0
2024-10-16,Meta,Q4,576.789978,581.4000244,582.0800171,574.0300293,576.789978,576.3250732,11268400.0
2024-10-17,Meta,Q4,576.9299927,583.3300171,584.9699707,575.2000122,576.9299927,576.4650269,8701200.0
2024-10-18,Meta,Q4,576.4699707,581.0999756,583.9699707,575.25,576.4699707,576.0053711,7694300.0
2024-10-21,Meta,Q4,575.1599731,576.0300293,577.2399902,569.1099854,575.1599731,574.6964111,8171900.0
2024-10-22,Meta,Q4,582.0100098,574.289978,583.5300293,572.1199951,582.0100098,581.5409546,8544500.0
2024-10-23,Meta,Q4,563.6900024,579.9699707,585.0,562.5,563.6900024,563.2356567,14248400.0
2024-10-24,Meta,Q4,567.7800293,567.1300049,568.8800049,561.5200195,567.7800293,567.3223877,7184700.0
2024-10-25,Meta,Q4,573.25,573.9299927,581.289978,571.7199707,573.25,572.7879639,11337900.0
2024-10-28,Meta,Q4,578.1599731,582.0,583.75,574.1199951,578.1599731,577.6939697,10925100.0
2024-10-29,Meta,Q4,593.2800293,580.1500244,593.6699829,575.4000244,593.2800293,592.8018799,13019100.0
2024-10-30,Meta,Q4,591.7999878,600.9799805,601.2000122,589.3800049,591.7999878,591.322998,26864900.0
2024-10-31,Meta,Q4,567.5800171,585.0,589.9000244,563.0100098,567.5800171,567.1225586,26838400.0
2024-11-01,Meta,Q4,567.1599731,567.6099854,573.6699829,562.5599976,567.1599731,566.7028809,15303200.0
2024-11-04,Meta,Q4,560.6799927,564.0999756,568.6900024,557.8900146,560.6799927,560.2280884,12064600.0
2024-11-05,Meta,Q4,572.4299927,567.2999878,573.4799805,566.6699829,572.4299927,571.9686279,9775400.0
2024-11-06,Meta,Q4,572.0499878,562.75,573.0,555.1699829,572.0499878,571.5889282,18305400.0
2024-11-07,Meta,Q4,591.7000122,576.8900146,594.7999878,575.210022,591.7000122,591.2231445,14653700.0
2024-11-08,Meta,Q4,589.3400269,591.539978,593.0999756,584.5200195,589.3400269,588.8650513,9415700.0
2024-11-11,Meta,Q4,583.1699829,586.3599854,587.0,576.5100098,583.1699829,582.6999512,10209100.0
2024-11-12,Meta,Q4,584.8200073,588.539978,599.6599731,580.3800049,584.8200073,584.3486328,16287700.0
2024-11-13,Meta,Q4,580.0,582.6099854,585.6400146,575.1699829,580.0,579.5325317,10757600.0
2024-11-14,Meta,Q4,577.1599731,577.0,580.7600098,573.0100098,577.1599731,576.6948242,11053700.0
2024-11-15,Meta,Q4,554.0800171,571.2199707,572.5700073,551.5,554.0800171,553.6334229,17712900.0
2024-11-18,Meta,Q4,554.4000244,557.039978,559.9000244,550.0900269,554.4000244,553.953186,14346700.0
2024-11-19,Meta,Q4,561.0900269,551.8599854,561.4299927,550.5999756,561.0900269,560.6378174,9522400.0
2024-11-20,Meta,Q4,565.5200195,562.9299927,566.3499756,554.2000122,565.5200195,565.064209,9797300.0
2024-11-21,Meta,Q4,563.0900269,569.5200195,570.0,549.0499878,563.0900269,562.6361694,11154700.0
2024-11-22,Meta,Q4,559.1400146,563.5499878,563.8300171,554.5900269,559.1400146,558.6893921,9164000.0
2024-11-25,Meta,Q4,565.1099854,562.0999756,572.5900269,556.3900146,565.1099854,564.654541,13599800.0
2024-11-26,Meta,Q4,573.539978,566.0,577.5,565.2000122,573.539978,573.0776978,10356600.0
2024-11-27,Meta,Q4,569.2000122,574.8900146,574.9799805,564.0999756,569.2000122,568.741272,7200200.0
2024-11-29,Meta,Q4,574.3200073,569.0,578.460022,566.9000244,574.3200073,573.8571167,7130500.0
2024-12-02,Meta,Q4,592.8300171,577.5,594.5,575.5700073,592.8300171,592.3522339,12522400.0
2024-12-03,Meta,Q4,613.6500244,595.0,614.2000122,591.25,613.6500244,613.1554565,14907200.0
2024-12-04,Meta,Q4,613.7800293,612.960022,617.7800293,605.0999756,613.7800293,613.2853394,14697000.0
2024-12-05,Meta,Q4,608.9299927,617.0800171,619.9000244,607.0499878,608.9299927,608.439209,8081200.0
2024-12-06,Meta,Q4,623.7700195,610.0999756,629.789978,608.5300293,623.7700195,623.2672729,16935500.0
2024-12-09,Meta,Q4,613.5700073,623.9199829,626.4000244,606.1699829,613.5700073,613.0755005,11426000.0
2024-12-10,Meta,Q4,619.3200073,617.5599976,625.5900269,612.7399902,619.3200073,618.8208618,10938900.0
2024-12-11,Meta,Q4,632.6799927,623.3699951,638.4000244,621.5300293,632.6799927,632.1700439,10837200.0
2024-12-12,Meta,Q4,630.789978,631.5,636.6599731,627.210022,630.789978,630.2815552,7474700.0
2024-12-13,Meta,Q4,620.3499756,627.2199707,631.0800171,616.8900146,620.3499756,619.8499756,8453300.0
2024-12-16,Meta,Q4,624.2399902,629.9799805,631.1500244,618.5800171,624.2399902,624.2399902,10885600.0
2024-12-17,Meta,Q4,619.4400024,626.1699829,632.3699951,616.539978,619.4400024,619.4400024,12897800.0
2024-12-18,Meta,Q4,597.1900024,621.0,627.3599854,596.3200073,597.1900024,597.1900024,17075500.0
2024-12-19,Meta,Q4,595.5700073,610.3900146,611.5200195,595.0,595.5700073,595.5700073,14958100.0
2024-12-20,Meta,Q4,585.25,590.5800171,603.1099854,580.0,585.25,585.25,48989400.0
2024-12-23,Meta,Q4,599.8499756,589.5999756,601.0900269,586.25,599.8499756,599.8499756,10205800.0
2024-12-24,Meta,Q4,607.75,602.7199707,607.9899902,599.2800293,607.75,607.75,4726100.0
2024-12-26,Meta,Q4,603.3499756,605.4799805,606.2999878,598.9400024,603.3499756,603.3499756,6081400.0
2024-12-27,Meta,Q4,599.8099976,599.4099731,601.8499756,589.7999878,599.8099976,599.8099976,8084200.0
2024-12-30,Meta,Q4,591.2399902,588.75,596.9400024,585.5800171,591.2399902,591.2399902,7025900.0
2024-12-31,Meta,Q4,585.5100098,592.2700195,593.9699707,583.8499756,585.5100098,585.5100098,6019500.0
2024-07-30,Alphabet,Q4,585.5100098,592.2700195,593.9699707,583.8499756,585.5100098,585.5100098,6019500.0
2024-07-30,Alphabet,Q4,585.5100098,592.2700195,593.9699707,583.8499756,585.5100098,585.5100098,6019500.0
2024-07-30,Alphabet,Q4,585.5100098,592.2700195,593.9699707,583.8499756,585.5100098,585.5100098,6019500.0
2024-07-30,Alphabet,Q4,585.5100098,592.2700195,593.9699707,583.8499756,585.5100098,585.5100098,6019500.0
2024-07-30,Alphabet,Q4,585.5100098,592.2700195,593.9699707,583.8499756,585.5100098,585.5100098,6019500.0
2024-07-30,Alphabet,Q4,585.5100098,592.2700195,593.9699707,583.8499756,585.5100098,585.5100098,6019500.0
2024-07-30,Alphabet,Q4,585.5100098,592.2700195,593.9699707,583.8499756,585.5100098,585.5100098,6019500.0
2024-07-30,Alphabet,Q4,585.5100098,592.2700195,593.9699707,583.8499756,585.5100098,585.5100098,6019500.0
2024-07-30,Alphabet,Q4,585.5100098,592.2700195,593.9699707,583.8499756,585.5100098,585.5100098,6019500.0
2024-07-30,Alphabet,Q4,585.5100098,592.2700195,593.9699707,583.8499756,585.5100098,585.5100098,6019500.0
2024-07-30,Alphabet,Q4,585.5100098,592.2700195,593.9699707,583.8499756,585.5100098,585.5100098,6019500.0
2024-07-30,Alphabet,Q4,585.5100098,592.2700195,593.9699707,583.8499756,585.5100098,585.5100098,6019500.0
2024-07-30,Alphabet,Q4,585.5100098,592.2700195,593.9699707,583.8499756,585.5100098,585.5100098,6019500.0
2024-07-30,Alphabet,Q4,585.5100098,592.2700195,593.9699707,583.8499756,585.5100098,585.5100098,6019500.0
2024-07-30,Alphabet,Q4,585.5100098,592.2700195,593.9699707,583.8499756,585.5100098,585.5100098,6019500.0
2024-07-30,Alphabet,Q4,585.5100098,592.2700195,593.9699707,583.8499756,585.5100098,585.5100098,6019500.0
2024-07-30,Alphabet,Q4,585.5100098,592.2700195,593.9699707,583.8499756,585.5100098,585.5100098,6019500.0
2024-07-30,Alphabet,Q4,585.5100098,592.2700195,593.9699707,583.8499756,585.5100098,585.5100098,6019500.0
2024-07-30,Alphabet,Q4,585.5100098,592.2700195,593.9699707,583.8499756,585.5100098,585.5100098,6019500.0
2024-07-30,Alphabet,Q4,585.5100098,592.2700195,593.9699707,583.8499756,585.5100098,585.5100098,6019500.0
2024-07-30,Alphabet,Q4,585.5100098,592.2700195,593.9699707,583.8499756,585.5100098,585.5100098,6019500.0
2024-07-30,Alphabet,Q4,585.5100098,592.2700195,593.9699707,583.8499756,585.5100098,585.5100098,6019500.0
2024-07-30,Alphabet,Q4,585.5100098,592.2700195,593.9699707,583.8499756,585.5100098,585.5100098,6019500.0
2024-07-30,Alphabet,Q4,585.5100098,592.2700195,593.9699707,583.8499756,585.5100098,585.5100098,6019500.0
2024-07-30,Alphabet,Q4,585.5100098,592.2700195,593.9699707,583.8499756,585.5100098,585.5100098,6019500.0
2024-07-30,Alphabet,Q4,585.5100098,592.2700195,593.9699707,583.8499756,585.5100098,585.5100098,6019500.0
2024-07-30,Alphabet,Q4,585.5100098,592.2700195,593.9699707,583.8499756,585.5100098,585.5100098,6019500.0
2024-07-30,Alphabet,Q4,585.5100098,592.2700195,593.9699707,583.8499756,585.5100098,585.5100098,6019500.0
